<?xml version="1.0" encoding="UTF-8"?>
<bank>
    <customer id="C12345">
        <name>John Doe</name>
        <contact>
            <phone type="mobile">+1-555-1234</phone>
            <email>johndoe@example.com</email>
        </contact>
        <accounts>
            <account type="savings">
                <number>123456789</number>
                <balance currency="USD">5000.75</balance>
                <transactions>
                    <transaction id="T001">
                        <date>2024-01-15</date>
                        <amount currency="USD">-200.00</amount>
                        <description>ATM Withdrawal</description>
                    </transaction>
                    <transaction id="T002">
                        <date>2024-01-16</date>
                        <amount currency="USD">1500.00</amount>
                        <description>Salary Credit</description>
                    </transaction>
                </transactions>
            </account>
            <account type="credit">
                <number>987654321</number>
                <balance currency="USD">-250.00</balance>
                <creditLimit>5000.00</creditLimit>
            </account>
        </accounts>
    </customer>
    <customer id="C12346">
        <name>Jane Smith</name>
        <contact>
            <phone type="home">+1-555-5678</phone>
            <email>janesmith@example.com</email>
        </contact>
        <accounts>
            <account type="savings">
                <number>234567890</number>
                <balance currency="USD">10250.50</balance>
                <transactions>
                    <transaction id="T003">
                        <date>2024-02-10</date>
                        <amount currency="USD">-500.00</amount>
                        <description>Online Shopping</description>
                    </transaction>
                </transactions>
            </account>
        </accounts>
    </customer>
    <customer id="C12347">
        <name>Michael Brown</name>
        <contact>
            <phone type="mobile">+1-555-7890</phone>
            <email>michaelbrown@example.com</email>
        </contact>
        <accounts>
            <account type="checking">
                <number>345678901</number>
                <balance currency="USD">750.00</balance>
                <transactions>
                    <transaction id="T004">
                        <date>2024-03-01</date>
                        <amount currency="USD">-100.00</amount>
                        <description>Utility Bill</description>
                    </transaction>
                </transactions>
            </account>
        </accounts>
    </customer>
    <customer id="C12348">
        <name>Emily White</name>
        <contact>
            <phone type="work">+1-555-2345</phone>
            <email>emilywhite@example.com</email>
        </contact>
        <accounts>
            <account type="savings">
                <number>456789012</number>
                <balance currency="USD">15320.25</balance>
                <transactions>
                    <transaction id="T005">
                        <date>2024-02-28</date>
                        <amount currency="USD">-250.00</amount>
                        <description>Gym Membership</description>
                    </transaction>
                </transactions>
            </account>
        </accounts>
    </customer>
    <customer id="C12349">
        <name>David Johnson</name>
        <contact>
            <phone type="mobile">+1-555-3456</phone>
            <email>davidjohnson@example.com</email>
        </contact>
        <accounts>
            <account type="credit">
                <number>567890123</number>
                <balance currency="USD">-1200.00</balance>
                <creditLimit>80000.00</creditLimit>
            </account>
        </accounts>
    </customer>
    <customer id="C12350">
        <name>Olivia Davis</name>
        <contact>
            <phone type="home">+1-555-4567</phone>
            <email>oliviadavis@example.com</email>
        </contact>
        <accounts>
            <account type="savings">
                <number>678901234</number>
                <balance currency="USD">20400.00</balance>
            </account>
        </accounts>
    </customer>
</bank>
