<?xml version="1.0" ?>
<group>
    <person id="1">
        <name>John Doe</name>
        <age>30</age>
        <weight>75</weight>
        <height>180</height>
    </person>
    <person id="2">
        <name>Jane Smith</name>
        <age>25</age>
        <weight>60</weight>
        <height>165</height>
    </person>
    <person id="3">
        <name>Michael Brown</name>
        <age>40</age>
        <weight>85</weight>
        <height>175</height>
    </person>
    <person id="4">
        <name>Emily Davis</name>
        <age>35</age>
        <weight>70</weight>
        <height>160</height>
    </person>
    <person id="5">
        <name>David Wilson</name>
        <age>45</age>
        <weight>90</weight>
        <height>182</height>
    </person>
    <person id="6">
        <name>Sarah Johnson</name>
        <age>29</age>
        <weight>65</weight>
        <height>168</height>
    </person>
    <person id="7">
        <name>Chris Lee</name>
        <age>33</age>
        <weight>78</weight>
        <height>174</height>
    </person>
    <person id="8">
        <name>Anna White</name>
        <age>27</age>
        <weight>58</weight>
        <height>162</height>
    </person>
    <person id="9">
        <name>James Miller</name>
        <age>50</age>
        <weight>95</weight>
        <height>185</height>
    </person>
    <person id="10">
        <name>Laura Scott</name>
        <age>31</age>
        <weight>67</weight>
        <height>170</height>
    </person>
    <person id="11">
        <name>Kevin Adams</name>
        <age>38</age>
        <weight>82</weight>
        <height>178</height>
    </person>
    <person id="12">
        <name>Olivia Baker</name>
        <age>24</age>
        <weight>55</weight>
        <height>158</height>
    </person>
    <person id="13">
        <name>Daniel Harris</name>
        <age>42</age>
        <weight>88</weight>
        <height>180</height>
    </person>
    <person id="14">
        <name>Emma Walker</name>
        <age>26</age>
        <weight>63</weight>
        <height>166</height>
    </person>
    <person id="15">
        <name>Matthew Lewis</name>
        <age>37</age>
        <weight>80</weight>
        <height>176</height>
    </person>
    <person id="16">
        <name>Jessica Allen</name>
        <age>28</age>
        <weight>59</weight>
        <height>164</height>
    </person>
    <person id="17">
        <name>Andrew King</name>
        <age>34</age>
        <weight>77</weight>
        <height>172</height>
    </person>
    <person id="18">
        <name>Lisa Martin</name>
        <age>32</age>
        <weight>61</weight>
        <height>168</height>
    </person>
    <person id="19">
        <name>Robert Hall</name>
        <age>48</age>
        <weight>92</weight>
        <height>183</height>
    </person>
    <person id="20">
        <name>Sophia Young</name>
        <age>23</age>
        <weight>54</weight>
        <height>157</height>
    </person>
    <person id="21">
        <name>William Carter</name>
        <age>41</age>
        <weight>87</weight>
        <height>179</height>
    </person>
    <person id="22">
        <name>Mia Turner</name>
        <age>22</age>
        <weight>53</weight>
        <height>156</height>
    </person>
    <person id="23">
        <name>Benjamin Wright</name>
        <age>36</age>
        <weight>79</weight>
        <height>174</height>
    </person>
    <person id="24">
        <name>Charlotte Phillips</name>
        <age>30</age>
        <weight>64</weight>
        <height>169</height>
    </person>
</group>
